{
  "ABIRoot": {
    "kind": "Root",
    "name": "TopLevel",
    "printedName": "TopLevel",
    "children": [
      {
        "kind": "Import",
        "name": "Foundation",
        "printedName": "Foundation",
        "declKind": "Import",
        "moduleName": "FaceParserFramework",
        "declAttributes": [
          "RawDocComment"
        ]
      },
      {
        "kind": "Import",
        "name": "ARKit",
        "printedName": "ARKit",
        "declKind": "Import",
        "moduleName": "FaceParserFramework"
      },
      {
        "kind": "Import",
        "name": "MetalKit",
        "printedName": "MetalKit",
        "declKind": "Import",
        "moduleName": "FaceParserFramework"
      },
      {
        "kind": "TypeDecl",
        "name": "AnalysisType",
        "printedName": "AnalysisType",
        "children": [
          {
            "kind": "Var",
            "name": "Face",
            "printedName": "Face",
            "children": [
              {
                "kind": "TypeFunc",
                "name": "Function",
                "printedName": "(FaceParserFramework.AnalysisType.Type) -> FaceParserFramework.AnalysisType",
                "children": [
                  {
                    "kind": "TypeNominal",
                    "name": "AnalysisType",
                    "printedName": "FaceParserFramework.AnalysisType",
                    "usr": "s:19FaceParserFramework12AnalysisTypeO"
                  },
                  {
                    "kind": "TypeNominal",
                    "name": "Metatype",
                    "printedName": "FaceParserFramework.AnalysisType.Type",
                    "children": [
                      {
                        "kind": "TypeNominal",
                        "name": "AnalysisType",
                        "printedName": "FaceParserFramework.AnalysisType",
                        "usr": "s:19FaceParserFramework12AnalysisTypeO"
                      }
                    ]
                  }
                ]
              }
            ],
            "declKind": "EnumElement",
            "usr": "s:19FaceParserFramework12AnalysisTypeO0A0yA2CmF",
            "mangledName": "$s19FaceParserFramework12AnalysisTypeO0A0yA2CmF",
            "moduleName": "FaceParserFramework"
          },
          {
            "kind": "Var",
            "name": "Hair",
            "printedName": "Hair",
            "children": [
              {
                "kind": "TypeFunc",
                "name": "Function",
                "printedName": "(FaceParserFramework.AnalysisType.Type) -> FaceParserFramework.AnalysisType",
                "children": [
                  {
                    "kind": "TypeNominal",
                    "name": "AnalysisType",
                    "printedName": "FaceParserFramework.AnalysisType",
                    "usr": "s:19FaceParserFramework12AnalysisTypeO"
                  },
                  {
                    "kind": "TypeNominal",
                    "name": "Metatype",
                    "printedName": "FaceParserFramework.AnalysisType.Type",
                    "children": [
                      {
                        "kind": "TypeNominal",
                        "name": "AnalysisType",
                        "printedName": "FaceParserFramework.AnalysisType",
                        "usr": "s:19FaceParserFramework12AnalysisTypeO"
                      }
                    ]
                  }
                ]
              }
            ],
            "declKind": "EnumElement",
            "usr": "s:19FaceParserFramework12AnalysisTypeO4HairyA2CmF",
            "mangledName": "$s19FaceParserFramework12AnalysisTypeO4HairyA2CmF",
            "moduleName": "FaceParserFramework"
          },
          {
            "kind": "Var",
            "name": "HairAlone",
            "printedName": "HairAlone",
            "children": [
              {
                "kind": "TypeFunc",
                "name": "Function",
                "printedName": "(FaceParserFramework.AnalysisType.Type) -> FaceParserFramework.AnalysisType",
                "children": [
                  {
                    "kind": "TypeNominal",
                    "name": "AnalysisType",
                    "printedName": "FaceParserFramework.AnalysisType",
                    "usr": "s:19FaceParserFramework12AnalysisTypeO"
                  },
                  {
                    "kind": "TypeNominal",
                    "name": "Metatype",
                    "printedName": "FaceParserFramework.AnalysisType.Type",
                    "children": [
                      {
                        "kind": "TypeNominal",
                        "name": "AnalysisType",
                        "printedName": "FaceParserFramework.AnalysisType",
                        "usr": "s:19FaceParserFramework12AnalysisTypeO"
                      }
                    ]
                  }
                ]
              }
            ],
            "declKind": "EnumElement",
            "usr": "s:19FaceParserFramework12AnalysisTypeO9HairAloneyA2CmF",
            "mangledName": "$s19FaceParserFramework12AnalysisTypeO9HairAloneyA2CmF",
            "moduleName": "FaceParserFramework"
          },
          {
            "kind": "Var",
            "name": "Alopecia",
            "printedName": "Alopecia",
            "children": [
              {
                "kind": "TypeFunc",
                "name": "Function",
                "printedName": "(FaceParserFramework.AnalysisType.Type) -> FaceParserFramework.AnalysisType",
                "children": [
                  {
                    "kind": "TypeNominal",
                    "name": "AnalysisType",
                    "printedName": "FaceParserFramework.AnalysisType",
                    "usr": "s:19FaceParserFramework12AnalysisTypeO"
                  },
                  {
                    "kind": "TypeNominal",
                    "name": "Metatype",
                    "printedName": "FaceParserFramework.AnalysisType.Type",
                    "children": [
                      {
                        "kind": "TypeNominal",
                        "name": "AnalysisType",
                        "printedName": "FaceParserFramework.AnalysisType",
                        "usr": "s:19FaceParserFramework12AnalysisTypeO"
                      }
                    ]
                  }
                ]
              }
            ],
            "declKind": "EnumElement",
            "usr": "s:19FaceParserFramework12AnalysisTypeO8AlopeciayA2CmF",
            "mangledName": "$s19FaceParserFramework12AnalysisTypeO8AlopeciayA2CmF",
            "moduleName": "FaceParserFramework"
          },
          {
            "kind": "Function",
            "name": "==",
            "printedName": "==(_:_:)",
            "children": [
              {
                "kind": "TypeNominal",
                "name": "Bool",
                "printedName": "Swift.Bool",
                "usr": "s:Sb"
              },
              {
                "kind": "TypeNominal",
                "name": "AnalysisType",
                "printedName": "FaceParserFramework.AnalysisType",
                "usr": "s:19FaceParserFramework12AnalysisTypeO"
              },
              {
                "kind": "TypeNominal",
                "name": "AnalysisType",
                "printedName": "FaceParserFramework.AnalysisType",
                "usr": "s:19FaceParserFramework12AnalysisTypeO"
              }
            ],
            "declKind": "Func",
            "usr": "s:19FaceParserFramework12AnalysisTypeO2eeoiySbAC_ACtFZ",
            "mangledName": "$s19FaceParserFramework12AnalysisTypeO2eeoiySbAC_ACtFZ",
            "moduleName": "FaceParserFramework",
            "static": true,
            "implicit": true,
            "funcSelfKind": "NonMutating"
          },
          {
            "kind": "Var",
            "name": "hashValue",
            "printedName": "hashValue",
            "children": [
              {
                "kind": "TypeNominal",
                "name": "Int",
                "printedName": "Swift.Int",
                "usr": "s:Si"
              }
            ],
            "declKind": "Var",
            "usr": "s:19FaceParserFramework12AnalysisTypeO9hashValueSivp",
            "mangledName": "$s19FaceParserFramework12AnalysisTypeO9hashValueSivp",
            "moduleName": "FaceParserFramework",
            "implicit": true,
            "accessors": [
              {
                "kind": "Accessor",
                "name": "Get",
                "printedName": "Get()",
                "children": [
                  {
                    "kind": "TypeNominal",
                    "name": "Int",
                    "printedName": "Swift.Int",
                    "usr": "s:Si"
                  }
                ],
                "declKind": "Accessor",
                "usr": "s:19FaceParserFramework12AnalysisTypeO9hashValueSivg",
                "mangledName": "$s19FaceParserFramework12AnalysisTypeO9hashValueSivg",
                "moduleName": "FaceParserFramework",
                "implicit": true,
                "accessorKind": "get"
              }
            ]
          },
          {
            "kind": "Function",
            "name": "hash",
            "printedName": "hash(into:)",
            "children": [
              {
                "kind": "TypeNominal",
                "name": "Void",
                "printedName": "()"
              },
              {
                "kind": "TypeNominal",
                "name": "Hasher",
                "printedName": "Swift.Hasher",
                "paramValueOwnership": "InOut",
                "usr": "s:s6HasherV"
              }
            ],
            "declKind": "Func",
            "usr": "s:19FaceParserFramework12AnalysisTypeO4hash4intoys6HasherVz_tF",
            "mangledName": "$s19FaceParserFramework12AnalysisTypeO4hash4intoys6HasherVz_tF",
            "moduleName": "FaceParserFramework",
            "implicit": true,
            "funcSelfKind": "NonMutating"
          }
        ],
        "declKind": "Enum",
        "usr": "s:19FaceParserFramework12AnalysisTypeO",
        "mangledName": "$s19FaceParserFramework12AnalysisTypeO",
        "moduleName": "FaceParserFramework",
        "declAttributes": [
          "AccessControl"
        ],
        "conformances": [
          {
            "kind": "Conformance",
            "name": "Equatable",
            "printedName": "Equatable",
            "usr": "s:SQ",
            "mangledName": "$sSQ"
          },
          {
            "kind": "Conformance",
            "name": "Hashable",
            "printedName": "Hashable",
            "usr": "s:SH",
            "mangledName": "$sSH"
          }
        ]
      },
      {
        "kind": "TypeDecl",
        "name": "FaceAnalyser",
        "printedName": "FaceAnalyser",
        "children": [
          {
            "kind": "Var",
            "name": "alphaValue",
            "printedName": "alphaValue",
            "children": [
              {
                "kind": "TypeNominal",
                "name": "Float",
                "printedName": "Swift.Float",
                "usr": "s:Sf"
              }
            ],
            "declKind": "Var",
            "usr": "s:19FaceParserFramework0A8AnalyserC10alphaValueSfvp",
            "mangledName": "$s19FaceParserFramework0A8AnalyserC10alphaValueSfvp",
            "moduleName": "FaceParserFramework",
            "declAttributes": [
              "HasInitialValue",
              "HasStorage",
              "AccessControl"
            ],
            "hasStorage": true,
            "accessors": [
              {
                "kind": "Accessor",
                "name": "Get",
                "printedName": "Get()",
                "children": [
                  {
                    "kind": "TypeNominal",
                    "name": "Float",
                    "printedName": "Swift.Float",
                    "usr": "s:Sf"
                  }
                ],
                "declKind": "Accessor",
                "usr": "s:19FaceParserFramework0A8AnalyserC10alphaValueSfvg",
                "mangledName": "$s19FaceParserFramework0A8AnalyserC10alphaValueSfvg",
                "moduleName": "FaceParserFramework",
                "implicit": true,
                "accessorKind": "get"
              },
              {
                "kind": "Accessor",
                "name": "Set",
                "printedName": "Set()",
                "children": [
                  {
                    "kind": "TypeNominal",
                    "name": "Void",
                    "printedName": "()"
                  },
                  {
                    "kind": "TypeNominal",
                    "name": "Float",
                    "printedName": "Swift.Float",
                    "usr": "s:Sf"
                  }
                ],
                "declKind": "Accessor",
                "usr": "s:19FaceParserFramework0A8AnalyserC10alphaValueSfvs",
                "mangledName": "$s19FaceParserFramework0A8AnalyserC10alphaValueSfvs",
                "moduleName": "FaceParserFramework",
                "implicit": true,
                "accessorKind": "set"
              },
              {
                "kind": "Accessor",
                "name": "Modify",
                "printedName": "Modify()",
                "children": [
                  {
                    "kind": "TypeNominal",
                    "name": "Void",
                    "printedName": "()"
                  }
                ],
                "declKind": "Accessor",
                "usr": "s:19FaceParserFramework0A8AnalyserC10alphaValueSfvM",
                "mangledName": "$s19FaceParserFramework0A8AnalyserC10alphaValueSfvM",
                "moduleName": "FaceParserFramework",
                "implicit": true,
                "accessorKind": "_modify"
              }
            ]
          },
          {
            "kind": "Var",
            "name": "selectedColor",
            "printedName": "selectedColor",
            "children": [
              {
                "kind": "TypeNominal",
                "name": "Array",
                "printedName": "[Swift.Float]",
                "children": [
                  {
                    "kind": "TypeNominal",
                    "name": "Float",
                    "printedName": "Swift.Float",
                    "usr": "s:Sf"
                  }
                ],
                "usr": "s:Sa"
              }
            ],
            "declKind": "Var",
            "usr": "s:19FaceParserFramework0A8AnalyserC13selectedColorSaySfGvp",
            "mangledName": "$s19FaceParserFramework0A8AnalyserC13selectedColorSaySfGvp",
            "moduleName": "FaceParserFramework",
            "declAttributes": [
              "HasInitialValue",
              "HasStorage",
              "AccessControl"
            ],
            "hasStorage": true,
            "accessors": [
              {
                "kind": "Accessor",
                "name": "Get",
                "printedName": "Get()",
                "children": [
                  {
                    "kind": "TypeNominal",
                    "name": "Array",
                    "printedName": "[Swift.Float]",
                    "children": [
                      {
                        "kind": "TypeNominal",
                        "name": "Float",
                        "printedName": "Swift.Float",
                        "usr": "s:Sf"
                      }
                    ],
                    "usr": "s:Sa"
                  }
                ],
                "declKind": "Accessor",
                "usr": "s:19FaceParserFramework0A8AnalyserC13selectedColorSaySfGvg",
                "mangledName": "$s19FaceParserFramework0A8AnalyserC13selectedColorSaySfGvg",
                "moduleName": "FaceParserFramework",
                "implicit": true,
                "accessorKind": "get"
              },
              {
                "kind": "Accessor",
                "name": "Set",
                "printedName": "Set()",
                "children": [
                  {
                    "kind": "TypeNominal",
                    "name": "Void",
                    "printedName": "()"
                  },
                  {
                    "kind": "TypeNominal",
                    "name": "Array",
                    "printedName": "[Swift.Float]",
                    "children": [
                      {
                        "kind": "TypeNominal",
                        "name": "Float",
                        "printedName": "Swift.Float",
                        "usr": "s:Sf"
                      }
                    ],
                    "usr": "s:Sa"
                  }
                ],
                "declKind": "Accessor",
                "usr": "s:19FaceParserFramework0A8AnalyserC13selectedColorSaySfGvs",
                "mangledName": "$s19FaceParserFramework0A8AnalyserC13selectedColorSaySfGvs",
                "moduleName": "FaceParserFramework",
                "implicit": true,
                "accessorKind": "set"
              },
              {
                "kind": "Accessor",
                "name": "Modify",
                "printedName": "Modify()",
                "children": [
                  {
                    "kind": "TypeNominal",
                    "name": "Void",
                    "printedName": "()"
                  }
                ],
                "declKind": "Accessor",
                "usr": "s:19FaceParserFramework0A8AnalyserC13selectedColorSaySfGvM",
                "mangledName": "$s19FaceParserFramework0A8AnalyserC13selectedColorSaySfGvM",
                "moduleName": "FaceParserFramework",
                "implicit": true,
                "accessorKind": "_modify"
              }
            ]
          },
          {
            "kind": "Var",
            "name": "faceParserManager",
            "printedName": "faceParserManager",
            "children": [
              {
                "kind": "TypeNominal",
                "name": "FaceAnalyser",
                "printedName": "FaceParserFramework.FaceAnalyser",
                "usr": "s:19FaceParserFramework0A8AnalyserC"
              }
            ],
            "declKind": "Var",
            "usr": "s:19FaceParserFramework0A8AnalyserC04faceB7ManagerACvpZ",
            "mangledName": "$s19FaceParserFramework0A8AnalyserC04faceB7ManagerACvpZ",
            "moduleName": "FaceParserFramework",
            "static": true,
            "declAttributes": [
              "HasInitialValue",
              "Final",
              "HasStorage",
              "AccessControl"
            ],
            "isLet": true,
            "hasStorage": true,
            "accessors": [
              {
                "kind": "Accessor",
                "name": "Get",
                "printedName": "Get()",
                "children": [
                  {
                    "kind": "TypeNominal",
                    "name": "FaceAnalyser",
                    "printedName": "FaceParserFramework.FaceAnalyser",
                    "usr": "s:19FaceParserFramework0A8AnalyserC"
                  }
                ],
                "declKind": "Accessor",
                "usr": "s:19FaceParserFramework0A8AnalyserC04faceB7ManagerACvgZ",
                "mangledName": "$s19FaceParserFramework0A8AnalyserC04faceB7ManagerACvgZ",
                "moduleName": "FaceParserFramework",
                "static": true,
                "implicit": true,
                "declAttributes": [
                  "Final"
                ],
                "accessorKind": "get"
              }
            ]
          },
          {
            "kind": "Var",
            "name": "currentBackgroundImage",
            "printedName": "currentBackgroundImage",
            "children": [
              {
                "kind": "TypeNominal",
                "name": "Optional",
                "printedName": "CoreImage.CIImage?",
                "children": [
                  {
                    "kind": "TypeNominal",
                    "name": "CIImage",
                    "printedName": "CoreImage.CIImage",
                    "usr": "c:objc(cs)CIImage"
                  }
                ],
                "usr": "s:Sq"
              }
            ],
            "declKind": "Var",
            "usr": "s:19FaceParserFramework0A8AnalyserC22currentBackgroundImageSo7CIImageCSgvp",
            "mangledName": "$s19FaceParserFramework0A8AnalyserC22currentBackgroundImageSo7CIImageCSgvp",
            "moduleName": "FaceParserFramework",
            "declAttributes": [
              "HasInitialValue",
              "HasStorage",
              "AccessControl"
            ],
            "hasStorage": true,
            "accessors": [
              {
                "kind": "Accessor",
                "name": "Get",
                "printedName": "Get()",
                "children": [
                  {
                    "kind": "TypeNominal",
                    "name": "Optional",
                    "printedName": "CoreImage.CIImage?",
                    "children": [
                      {
                        "kind": "TypeNominal",
                        "name": "CIImage",
                        "printedName": "CoreImage.CIImage",
                        "usr": "c:objc(cs)CIImage"
                      }
                    ],
                    "usr": "s:Sq"
                  }
                ],
                "declKind": "Accessor",
                "usr": "s:19FaceParserFramework0A8AnalyserC22currentBackgroundImageSo7CIImageCSgvg",
                "mangledName": "$s19FaceParserFramework0A8AnalyserC22currentBackgroundImageSo7CIImageCSgvg",
                "moduleName": "FaceParserFramework",
                "implicit": true,
                "accessorKind": "get"
              },
              {
                "kind": "Accessor",
                "name": "Set",
                "printedName": "Set()",
                "children": [
                  {
                    "kind": "TypeNominal",
                    "name": "Void",
                    "printedName": "()"
                  },
                  {
                    "kind": "TypeNominal",
                    "name": "Optional",
                    "printedName": "CoreImage.CIImage?",
                    "children": [
                      {
                        "kind": "TypeNominal",
                        "name": "CIImage",
                        "printedName": "CoreImage.CIImage",
                        "usr": "c:objc(cs)CIImage"
                      }
                    ],
                    "usr": "s:Sq"
                  }
                ],
                "declKind": "Accessor",
                "usr": "s:19FaceParserFramework0A8AnalyserC22currentBackgroundImageSo7CIImageCSgvs",
                "mangledName": "$s19FaceParserFramework0A8AnalyserC22currentBackgroundImageSo7CIImageCSgvs",
                "moduleName": "FaceParserFramework",
                "implicit": true,
                "accessorKind": "set"
              },
              {
                "kind": "Accessor",
                "name": "Modify",
                "printedName": "Modify()",
                "children": [
                  {
                    "kind": "TypeNominal",
                    "name": "Void",
                    "printedName": "()"
                  }
                ],
                "declKind": "Accessor",
                "usr": "s:19FaceParserFramework0A8AnalyserC22currentBackgroundImageSo7CIImageCSgvM",
                "mangledName": "$s19FaceParserFramework0A8AnalyserC22currentBackgroundImageSo7CIImageCSgvM",
                "moduleName": "FaceParserFramework",
                "implicit": true,
                "accessorKind": "_modify"
              }
            ]
          },
          {
            "kind": "Var",
            "name": "skinTone",
            "printedName": "skinTone",
            "children": [
              {
                "kind": "TypeNominal",
                "name": "Optional",
                "printedName": "Metal.MTLTexture?",
                "children": [
                  {
                    "kind": "TypeNominal",
                    "name": "MTLTexture",
                    "printedName": "Metal.MTLTexture",
                    "usr": "c:objc(pl)MTLTexture"
                  }
                ],
                "usr": "s:Sq"
              }
            ],
            "declKind": "Var",
            "usr": "s:19FaceParserFramework0A8AnalyserC8skinToneSo10MTLTexture_pSgvp",
            "mangledName": "$s19FaceParserFramework0A8AnalyserC8skinToneSo10MTLTexture_pSgvp",
            "moduleName": "FaceParserFramework",
            "declAttributes": [
              "HasInitialValue",
              "HasStorage",
              "AccessControl"
            ],
            "hasStorage": true,
            "accessors": [
              {
                "kind": "Accessor",
                "name": "Get",
                "printedName": "Get()",
                "children": [
                  {
                    "kind": "TypeNominal",
                    "name": "Optional",
                    "printedName": "Metal.MTLTexture?",
                    "children": [
                      {
                        "kind": "TypeNominal",
                        "name": "MTLTexture",
                        "printedName": "Metal.MTLTexture",
                        "usr": "c:objc(pl)MTLTexture"
                      }
                    ],
                    "usr": "s:Sq"
                  }
                ],
                "declKind": "Accessor",
                "usr": "s:19FaceParserFramework0A8AnalyserC8skinToneSo10MTLTexture_pSgvg",
                "mangledName": "$s19FaceParserFramework0A8AnalyserC8skinToneSo10MTLTexture_pSgvg",
                "moduleName": "FaceParserFramework",
                "implicit": true,
                "accessorKind": "get"
              },
              {
                "kind": "Accessor",
                "name": "Set",
                "printedName": "Set()",
                "children": [
                  {
                    "kind": "TypeNominal",
                    "name": "Void",
                    "printedName": "()"
                  },
                  {
                    "kind": "TypeNominal",
                    "name": "Optional",
                    "printedName": "Metal.MTLTexture?",
                    "children": [
                      {
                        "kind": "TypeNominal",
                        "name": "MTLTexture",
                        "printedName": "Metal.MTLTexture",
                        "usr": "c:objc(pl)MTLTexture"
                      }
                    ],
                    "usr": "s:Sq"
                  }
                ],
                "declKind": "Accessor",
                "usr": "s:19FaceParserFramework0A8AnalyserC8skinToneSo10MTLTexture_pSgvs",
                "mangledName": "$s19FaceParserFramework0A8AnalyserC8skinToneSo10MTLTexture_pSgvs",
                "moduleName": "FaceParserFramework",
                "implicit": true,
                "accessorKind": "set"
              },
              {
                "kind": "Accessor",
                "name": "Modify",
                "printedName": "Modify()",
                "children": [
                  {
                    "kind": "TypeNominal",
                    "name": "Void",
                    "printedName": "()"
                  }
                ],
                "declKind": "Accessor",
                "usr": "s:19FaceParserFramework0A8AnalyserC8skinToneSo10MTLTexture_pSgvM",
                "mangledName": "$s19FaceParserFramework0A8AnalyserC8skinToneSo10MTLTexture_pSgvM",
                "moduleName": "FaceParserFramework",
                "implicit": true,
                "accessorKind": "_modify"
              }
            ]
          },
          {
            "kind": "Constructor",
            "name": "init",
            "printedName": "init()",
            "children": [
              {
                "kind": "TypeNominal",
                "name": "FaceAnalyser",
                "printedName": "FaceParserFramework.FaceAnalyser",
                "usr": "s:19FaceParserFramework0A8AnalyserC"
              }
            ],
            "declKind": "Constructor",
            "usr": "s:19FaceParserFramework0A8AnalyserCACycfc",
            "mangledName": "$s19FaceParserFramework0A8AnalyserCACycfc",
            "moduleName": "FaceParserFramework",
            "declAttributes": [
              "AccessControl"
            ],
            "init_kind": "Designated"
          },
          {
            "kind": "Function",
            "name": "loadFacePaser",
            "printedName": "loadFacePaser()",
            "children": [
              {
                "kind": "TypeNominal",
                "name": "Void",
                "printedName": "()"
              }
            ],
            "declKind": "Func",
            "usr": "s:19FaceParserFramework0A8AnalyserC04loadA5PaseryyF",
            "mangledName": "$s19FaceParserFramework0A8AnalyserC04loadA5PaseryyF",
            "moduleName": "FaceParserFramework",
            "declAttributes": [
              "AccessControl"
            ],
            "funcSelfKind": "NonMutating"
          },
          {
            "kind": "Function",
            "name": "updateColours",
            "printedName": "updateColours(alphaBlendingValue:selectedColor:)",
            "children": [
              {
                "kind": "TypeNominal",
                "name": "Void",
                "printedName": "()"
              },
              {
                "kind": "TypeNominal",
                "name": "Float",
                "printedName": "Swift.Float",
                "hasDefaultArg": true,
                "usr": "s:Sf"
              },
              {
                "kind": "TypeNominal",
                "name": "Array",
                "printedName": "[Swift.Float]",
                "children": [
                  {
                    "kind": "TypeNominal",
                    "name": "Float",
                    "printedName": "Swift.Float",
                    "usr": "s:Sf"
                  }
                ],
                "hasDefaultArg": true,
                "usr": "s:Sa"
              }
            ],
            "declKind": "Func",
            "usr": "s:19FaceParserFramework0A8AnalyserC13updateColours18alphaBlendingValue13selectedColorySf_SaySfGtF",
            "mangledName": "$s19FaceParserFramework0A8AnalyserC13updateColours18alphaBlendingValue13selectedColorySf_SaySfGtF",
            "moduleName": "FaceParserFramework",
            "declAttributes": [
              "AccessControl"
            ],
            "funcSelfKind": "NonMutating"
          },
          {
            "kind": "Function",
            "name": "analyseBuffer",
            "printedName": "analyseBuffer(pixelBuffer:applyRotation:typeOfAnalysis:skinTone:)",
            "children": [
              {
                "kind": "TypeNominal",
                "name": "Optional",
                "printedName": "UIKit.UIImage?",
                "children": [
                  {
                    "kind": "TypeNominal",
                    "name": "UIImage",
                    "printedName": "UIKit.UIImage",
                    "usr": "c:objc(cs)UIImage"
                  }
                ],
                "usr": "s:Sq"
              },
              {
                "kind": "TypeNominal",
                "name": "CVBuffer",
                "printedName": "CoreVideo.CVBuffer",
                "usr": "c:@T@CVBufferRef"
              },
              {
                "kind": "TypeNominal",
                "name": "Bool",
                "printedName": "Swift.Bool",
                "hasDefaultArg": true,
                "usr": "s:Sb"
              },
              {
                "kind": "TypeNominal",
                "name": "AnalysisType",
                "printedName": "FaceParserFramework.AnalysisType",
                "hasDefaultArg": true,
                "usr": "s:19FaceParserFramework12AnalysisTypeO"
              },
              {
                "kind": "TypeNominal",
                "name": "Optional",
                "printedName": "Metal.MTLTexture?",
                "children": [
                  {
                    "kind": "TypeNominal",
                    "name": "MTLTexture",
                    "printedName": "Metal.MTLTexture",
                    "usr": "c:objc(pl)MTLTexture"
                  }
                ],
                "hasDefaultArg": true,
                "usr": "s:Sq"
              }
            ],
            "declKind": "Func",
            "usr": "s:19FaceParserFramework0A8AnalyserC13analyseBuffer05pixelF013applyRotation14typeOfAnalysis8skinToneSo7UIImageCSgSo11CVBufferRefa_SbAA0L4TypeOSo10MTLTexture_pSgtF",
            "mangledName": "$s19FaceParserFramework0A8AnalyserC13analyseBuffer05pixelF013applyRotation14typeOfAnalysis8skinToneSo7UIImageCSgSo11CVBufferRefa_SbAA0L4TypeOSo10MTLTexture_pSgtF",
            "moduleName": "FaceParserFramework",
            "declAttributes": [
              "AccessControl",
              "RawDocComment"
            ],
            "funcSelfKind": "NonMutating"
          },
          {
            "kind": "Function",
            "name": "sceneViewSnapshotWithoutOverlay",
            "printedName": "sceneViewSnapshotWithoutOverlay(sceneView:angle:)",
            "children": [
              {
                "kind": "TypeNominal",
                "name": "Optional",
                "printedName": "UIKit.UIImage?",
                "children": [
                  {
                    "kind": "TypeNominal",
                    "name": "UIImage",
                    "printedName": "UIKit.UIImage",
                    "usr": "c:objc(cs)UIImage"
                  }
                ],
                "usr": "s:Sq"
              },
              {
                "kind": "TypeNominal",
                "name": "ARSCNView",
                "printedName": "ARKit.ARSCNView",
                "usr": "c:objc(cs)ARSCNView"
              },
              {
                "kind": "TypeNominal",
                "name": "Double",
                "printedName": "Swift.Double",
                "hasDefaultArg": true,
                "usr": "s:Sd"
              }
            ],
            "declKind": "Func",
            "usr": "s:19FaceParserFramework0A8AnalyserC31sceneViewSnapshotWithoutOverlay0eF05angleSo7UIImageCSgSo9ARSCNViewC_SdtF",
            "mangledName": "$s19FaceParserFramework0A8AnalyserC31sceneViewSnapshotWithoutOverlay0eF05angleSo7UIImageCSgSo9ARSCNViewC_SdtF",
            "moduleName": "FaceParserFramework",
            "declAttributes": [
              "AccessControl"
            ],
            "funcSelfKind": "NonMutating"
          },
          {
            "kind": "Function",
            "name": "detectSkinTone",
            "printedName": "detectSkinTone(pixelBuffer:)",
            "children": [
              {
                "kind": "TypeNominal",
                "name": "Optional",
                "printedName": "Metal.MTLTexture?",
                "children": [
                  {
                    "kind": "TypeNominal",
                    "name": "MTLTexture",
                    "printedName": "Metal.MTLTexture",
                    "usr": "c:objc(pl)MTLTexture"
                  }
                ],
                "usr": "s:Sq"
              },
              {
                "kind": "TypeNominal",
                "name": "Optional",
                "printedName": "CoreVideo.CVBuffer?",
                "children": [
                  {
                    "kind": "TypeNominal",
                    "name": "CVBuffer",
                    "printedName": "CoreVideo.CVBuffer",
                    "usr": "c:@T@CVBufferRef"
                  }
                ],
                "usr": "s:Sq"
              }
            ],
            "declKind": "Func",
            "usr": "s:19FaceParserFramework0A8AnalyserC14detectSkinTone11pixelBufferSo10MTLTexture_pSgSo11CVBufferRefaSg_tF",
            "mangledName": "$s19FaceParserFramework0A8AnalyserC14detectSkinTone11pixelBufferSo10MTLTexture_pSgSo11CVBufferRefaSg_tF",
            "moduleName": "FaceParserFramework",
            "declAttributes": [
              "AccessControl"
            ],
            "isFromExtension": true,
            "funcSelfKind": "NonMutating"
          },
          {
            "kind": "Function",
            "name": "locateFaceFeatureWithIndex",
            "printedName": "locateFaceFeatureWithIndex(pixelBuffer:index:)",
            "children": [
              {
                "kind": "TypeNominal",
                "name": "Optional",
                "printedName": "Metal.MTLTexture?",
                "children": [
                  {
                    "kind": "TypeNominal",
                    "name": "MTLTexture",
                    "printedName": "Metal.MTLTexture",
                    "usr": "c:objc(pl)MTLTexture"
                  }
                ],
                "usr": "s:Sq"
              },
              {
                "kind": "TypeNominal",
                "name": "Optional",
                "printedName": "CoreVideo.CVBuffer?",
                "children": [
                  {
                    "kind": "TypeNominal",
                    "name": "CVBuffer",
                    "printedName": "CoreVideo.CVBuffer",
                    "usr": "c:@T@CVBufferRef"
                  }
                ],
                "usr": "s:Sq"
              },
              {
                "kind": "TypeNominal",
                "name": "FaceFeature",
                "printedName": "FaceParserFramework.FaceFeature",
                "hasDefaultArg": true,
                "usr": "s:19FaceParserFramework0A7FeatureO"
              }
            ],
            "declKind": "Func",
            "usr": "s:19FaceParserFramework0A8AnalyserC06locateA16FeatureWithIndex11pixelBuffer5indexSo10MTLTexture_pSgSo11CVBufferRefaSg_AA0aF0OtF",
            "mangledName": "$s19FaceParserFramework0A8AnalyserC06locateA16FeatureWithIndex11pixelBuffer5indexSo10MTLTexture_pSgSo11CVBufferRefaSg_AA0aF0OtF",
            "moduleName": "FaceParserFramework",
            "declAttributes": [
              "AccessControl"
            ],
            "isFromExtension": true,
            "funcSelfKind": "NonMutating"
          }
        ],
        "declKind": "Class",
        "usr": "s:19FaceParserFramework0A8AnalyserC",
        "mangledName": "$s19FaceParserFramework0A8AnalyserC",
        "moduleName": "FaceParserFramework",
        "declAttributes": [
          "AccessControl"
        ]
      },
      {
        "kind": "TypeDecl",
        "name": "FaceFeature",
        "printedName": "FaceFeature",
        "children": [
          {
            "kind": "Var",
            "name": "backgroundIndex",
            "printedName": "backgroundIndex",
            "children": [
              {
                "kind": "TypeFunc",
                "name": "Function",
                "printedName": "(FaceParserFramework.FaceFeature.Type) -> FaceParserFramework.FaceFeature",
                "children": [
                  {
                    "kind": "TypeNominal",
                    "name": "FaceFeature",
                    "printedName": "FaceParserFramework.FaceFeature",
                    "usr": "s:19FaceParserFramework0A7FeatureO"
                  },
                  {
                    "kind": "TypeNominal",
                    "name": "Metatype",
                    "printedName": "FaceParserFramework.FaceFeature.Type",
                    "children": [
                      {
                        "kind": "TypeNominal",
                        "name": "FaceFeature",
                        "printedName": "FaceParserFramework.FaceFeature",
                        "usr": "s:19FaceParserFramework0A7FeatureO"
                      }
                    ]
                  }
                ]
              }
            ],
            "declKind": "EnumElement",
            "usr": "s:19FaceParserFramework0A7FeatureO15backgroundIndexyA2CmF",
            "mangledName": "$s19FaceParserFramework0A7FeatureO15backgroundIndexyA2CmF",
            "moduleName": "FaceParserFramework"
          },
          {
            "kind": "Var",
            "name": "hairIndex",
            "printedName": "hairIndex",
            "children": [
              {
                "kind": "TypeFunc",
                "name": "Function",
                "printedName": "(FaceParserFramework.FaceFeature.Type) -> FaceParserFramework.FaceFeature",
                "children": [
                  {
                    "kind": "TypeNominal",
                    "name": "FaceFeature",
                    "printedName": "FaceParserFramework.FaceFeature",
                    "usr": "s:19FaceParserFramework0A7FeatureO"
                  },
                  {
                    "kind": "TypeNominal",
                    "name": "Metatype",
                    "printedName": "FaceParserFramework.FaceFeature.Type",
                    "children": [
                      {
                        "kind": "TypeNominal",
                        "name": "FaceFeature",
                        "printedName": "FaceParserFramework.FaceFeature",
                        "usr": "s:19FaceParserFramework0A7FeatureO"
                      }
                    ]
                  }
                ]
              }
            ],
            "declKind": "EnumElement",
            "usr": "s:19FaceParserFramework0A7FeatureO9hairIndexyA2CmF",
            "mangledName": "$s19FaceParserFramework0A7FeatureO9hairIndexyA2CmF",
            "moduleName": "FaceParserFramework"
          },
          {
            "kind": "Var",
            "name": "faceIndex",
            "printedName": "faceIndex",
            "children": [
              {
                "kind": "TypeFunc",
                "name": "Function",
                "printedName": "(FaceParserFramework.FaceFeature.Type) -> FaceParserFramework.FaceFeature",
                "children": [
                  {
                    "kind": "TypeNominal",
                    "name": "FaceFeature",
                    "printedName": "FaceParserFramework.FaceFeature",
                    "usr": "s:19FaceParserFramework0A7FeatureO"
                  },
                  {
                    "kind": "TypeNominal",
                    "name": "Metatype",
                    "printedName": "FaceParserFramework.FaceFeature.Type",
                    "children": [
                      {
                        "kind": "TypeNominal",
                        "name": "FaceFeature",
                        "printedName": "FaceParserFramework.FaceFeature",
                        "usr": "s:19FaceParserFramework0A7FeatureO"
                      }
                    ]
                  }
                ]
              }
            ],
            "declKind": "EnumElement",
            "usr": "s:19FaceParserFramework0A7FeatureO9faceIndexyA2CmF",
            "mangledName": "$s19FaceParserFramework0A7FeatureO9faceIndexyA2CmF",
            "moduleName": "FaceParserFramework"
          },
          {
            "kind": "Var",
            "name": "leftEarIndex",
            "printedName": "leftEarIndex",
            "children": [
              {
                "kind": "TypeFunc",
                "name": "Function",
                "printedName": "(FaceParserFramework.FaceFeature.Type) -> FaceParserFramework.FaceFeature",
                "children": [
                  {
                    "kind": "TypeNominal",
                    "name": "FaceFeature",
                    "printedName": "FaceParserFramework.FaceFeature",
                    "usr": "s:19FaceParserFramework0A7FeatureO"
                  },
                  {
                    "kind": "TypeNominal",
                    "name": "Metatype",
                    "printedName": "FaceParserFramework.FaceFeature.Type",
                    "children": [
                      {
                        "kind": "TypeNominal",
                        "name": "FaceFeature",
                        "printedName": "FaceParserFramework.FaceFeature",
                        "usr": "s:19FaceParserFramework0A7FeatureO"
                      }
                    ]
                  }
                ]
              }
            ],
            "declKind": "EnumElement",
            "usr": "s:19FaceParserFramework0A7FeatureO12leftEarIndexyA2CmF",
            "mangledName": "$s19FaceParserFramework0A7FeatureO12leftEarIndexyA2CmF",
            "moduleName": "FaceParserFramework"
          },
          {
            "kind": "Var",
            "name": "rightEarIndex",
            "printedName": "rightEarIndex",
            "children": [
              {
                "kind": "TypeFunc",
                "name": "Function",
                "printedName": "(FaceParserFramework.FaceFeature.Type) -> FaceParserFramework.FaceFeature",
                "children": [
                  {
                    "kind": "TypeNominal",
                    "name": "FaceFeature",
                    "printedName": "FaceParserFramework.FaceFeature",
                    "usr": "s:19FaceParserFramework0A7FeatureO"
                  },
                  {
                    "kind": "TypeNominal",
                    "name": "Metatype",
                    "printedName": "FaceParserFramework.FaceFeature.Type",
                    "children": [
                      {
                        "kind": "TypeNominal",
                        "name": "FaceFeature",
                        "printedName": "FaceParserFramework.FaceFeature",
                        "usr": "s:19FaceParserFramework0A7FeatureO"
                      }
                    ]
                  }
                ]
              }
            ],
            "declKind": "EnumElement",
            "usr": "s:19FaceParserFramework0A7FeatureO13rightEarIndexyA2CmF",
            "mangledName": "$s19FaceParserFramework0A7FeatureO13rightEarIndexyA2CmF",
            "moduleName": "FaceParserFramework"
          },
          {
            "kind": "Var",
            "name": "EarringIndex",
            "printedName": "EarringIndex",
            "children": [
              {
                "kind": "TypeFunc",
                "name": "Function",
                "printedName": "(FaceParserFramework.FaceFeature.Type) -> FaceParserFramework.FaceFeature",
                "children": [
                  {
                    "kind": "TypeNominal",
                    "name": "FaceFeature",
                    "printedName": "FaceParserFramework.FaceFeature",
                    "usr": "s:19FaceParserFramework0A7FeatureO"
                  },
                  {
                    "kind": "TypeNominal",
                    "name": "Metatype",
                    "printedName": "FaceParserFramework.FaceFeature.Type",
                    "children": [
                      {
                        "kind": "TypeNominal",
                        "name": "FaceFeature",
                        "printedName": "FaceParserFramework.FaceFeature",
                        "usr": "s:19FaceParserFramework0A7FeatureO"
                      }
                    ]
                  }
                ]
              }
            ],
            "declKind": "EnumElement",
            "usr": "s:19FaceParserFramework0A7FeatureO12EarringIndexyA2CmF",
            "mangledName": "$s19FaceParserFramework0A7FeatureO12EarringIndexyA2CmF",
            "moduleName": "FaceParserFramework"
          },
          {
            "kind": "Var",
            "name": "glassesIndex",
            "printedName": "glassesIndex",
            "children": [
              {
                "kind": "TypeFunc",
                "name": "Function",
                "printedName": "(FaceParserFramework.FaceFeature.Type) -> FaceParserFramework.FaceFeature",
                "children": [
                  {
                    "kind": "TypeNominal",
                    "name": "FaceFeature",
                    "printedName": "FaceParserFramework.FaceFeature",
                    "usr": "s:19FaceParserFramework0A7FeatureO"
                  },
                  {
                    "kind": "TypeNominal",
                    "name": "Metatype",
                    "printedName": "FaceParserFramework.FaceFeature.Type",
                    "children": [
                      {
                        "kind": "TypeNominal",
                        "name": "FaceFeature",
                        "printedName": "FaceParserFramework.FaceFeature",
                        "usr": "s:19FaceParserFramework0A7FeatureO"
                      }
                    ]
                  }
                ]
              }
            ],
            "declKind": "EnumElement",
            "usr": "s:19FaceParserFramework0A7FeatureO12glassesIndexyA2CmF",
            "mangledName": "$s19FaceParserFramework0A7FeatureO12glassesIndexyA2CmF",
            "moduleName": "FaceParserFramework"
          },
          {
            "kind": "Var",
            "name": "noseIndex",
            "printedName": "noseIndex",
            "children": [
              {
                "kind": "TypeFunc",
                "name": "Function",
                "printedName": "(FaceParserFramework.FaceFeature.Type) -> FaceParserFramework.FaceFeature",
                "children": [
                  {
                    "kind": "TypeNominal",
                    "name": "FaceFeature",
                    "printedName": "FaceParserFramework.FaceFeature",
                    "usr": "s:19FaceParserFramework0A7FeatureO"
                  },
                  {
                    "kind": "TypeNominal",
                    "name": "Metatype",
                    "printedName": "FaceParserFramework.FaceFeature.Type",
                    "children": [
                      {
                        "kind": "TypeNominal",
                        "name": "FaceFeature",
                        "printedName": "FaceParserFramework.FaceFeature",
                        "usr": "s:19FaceParserFramework0A7FeatureO"
                      }
                    ]
                  }
                ]
              }
            ],
            "declKind": "EnumElement",
            "usr": "s:19FaceParserFramework0A7FeatureO9noseIndexyA2CmF",
            "mangledName": "$s19FaceParserFramework0A7FeatureO9noseIndexyA2CmF",
            "moduleName": "FaceParserFramework"
          },
          {
            "kind": "Constructor",
            "name": "init",
            "printedName": "init(rawValue:)",
            "children": [
              {
                "kind": "TypeNominal",
                "name": "Optional",
                "printedName": "FaceParserFramework.FaceFeature?",
                "children": [
                  {
                    "kind": "TypeNominal",
                    "name": "FaceFeature",
                    "printedName": "FaceParserFramework.FaceFeature",
                    "usr": "s:19FaceParserFramework0A7FeatureO"
                  }
                ],
                "usr": "s:Sq"
              },
              {
                "kind": "TypeNominal",
                "name": "Int",
                "printedName": "Swift.Int",
                "usr": "s:Si"
              }
            ],
            "declKind": "Constructor",
            "usr": "s:19FaceParserFramework0A7FeatureO8rawValueACSgSi_tcfc",
            "mangledName": "$s19FaceParserFramework0A7FeatureO8rawValueACSgSi_tcfc",
            "moduleName": "FaceParserFramework",
            "implicit": true,
            "init_kind": "Designated"
          },
          {
            "kind": "Var",
            "name": "rawValue",
            "printedName": "rawValue",
            "children": [
              {
                "kind": "TypeNominal",
                "name": "Int",
                "printedName": "Swift.Int",
                "usr": "s:Si"
              }
            ],
            "declKind": "Var",
            "usr": "s:19FaceParserFramework0A7FeatureO8rawValueSivp",
            "mangledName": "$s19FaceParserFramework0A7FeatureO8rawValueSivp",
            "moduleName": "FaceParserFramework",
            "implicit": true,
            "accessors": [
              {
                "kind": "Accessor",
                "name": "Get",
                "printedName": "Get()",
                "children": [
                  {
                    "kind": "TypeNominal",
                    "name": "Int",
                    "printedName": "Swift.Int",
                    "usr": "s:Si"
                  }
                ],
                "declKind": "Accessor",
                "usr": "s:19FaceParserFramework0A7FeatureO8rawValueSivg",
                "mangledName": "$s19FaceParserFramework0A7FeatureO8rawValueSivg",
                "moduleName": "FaceParserFramework",
                "implicit": true,
                "accessorKind": "get"
              }
            ]
          }
        ],
        "declKind": "Enum",
        "usr": "s:19FaceParserFramework0A7FeatureO",
        "mangledName": "$s19FaceParserFramework0A7FeatureO",
        "moduleName": "FaceParserFramework",
        "declAttributes": [
          "AccessControl"
        ],
        "enumRawTypeName": "Int",
        "conformances": [
          {
            "kind": "Conformance",
            "name": "Equatable",
            "printedName": "Equatable",
            "usr": "s:SQ",
            "mangledName": "$sSQ"
          },
          {
            "kind": "Conformance",
            "name": "Hashable",
            "printedName": "Hashable",
            "usr": "s:SH",
            "mangledName": "$sSH"
          },
          {
            "kind": "Conformance",
            "name": "RawRepresentable",
            "printedName": "RawRepresentable",
            "children": [
              {
                "kind": "TypeWitness",
                "name": "RawValue",
                "printedName": "RawValue",
                "children": [
                  {
                    "kind": "TypeNominal",
                    "name": "Int",
                    "printedName": "Swift.Int",
                    "usr": "s:Si"
                  }
                ]
              }
            ],
            "usr": "s:SY",
            "mangledName": "$sSY"
          }
        ]
      },
      {
        "kind": "Import",
        "name": "Foundation",
        "printedName": "Foundation",
        "declKind": "Import",
        "moduleName": "FaceParserFramework",
        "declAttributes": [
          "RawDocComment"
        ]
      },
      {
        "kind": "Import",
        "name": "UIKit",
        "printedName": "UIKit",
        "declKind": "Import",
        "moduleName": "FaceParserFramework"
      },
      {
        "kind": "Import",
        "name": "VideoToolbox",
        "printedName": "VideoToolbox",
        "declKind": "Import",
        "moduleName": "FaceParserFramework"
      },
      {
        "kind": "Import",
        "name": "CoreImage",
        "printedName": "CoreImage",
        "declKind": "Import",
        "moduleName": "FaceParserFramework"
      },
      {
        "kind": "Import",
        "name": "CoreImage.CIFilterBuiltins",
        "printedName": "CoreImage.CIFilterBuiltins",
        "declKind": "Import",
        "moduleName": "FaceParserFramework"
      },
      {
        "kind": "Import",
        "name": "Foundation",
        "printedName": "Foundation",
        "declKind": "Import",
        "moduleName": "FaceParserFramework",
        "declAttributes": [
          "RawDocComment"
        ]
      },
      {
        "kind": "Import",
        "name": "CoreGraphics",
        "printedName": "CoreGraphics",
        "declKind": "Import",
        "moduleName": "FaceParserFramework"
      },
      {
        "kind": "Import",
        "name": "Metal",
        "printedName": "Metal",
        "declKind": "Import",
        "moduleName": "FaceParserFramework"
      },
      {
        "kind": "Import",
        "name": "simd",
        "printedName": "simd",
        "declKind": "Import",
        "moduleName": "FaceParserFramework"
      },
      {
        "kind": "Import",
        "name": "CoreGraphics",
        "printedName": "CoreGraphics",
        "declKind": "Import",
        "moduleName": "FaceParserFramework",
        "declAttributes": [
          "RawDocComment"
        ]
      },
      {
        "kind": "Import",
        "name": "Metal",
        "printedName": "Metal",
        "declKind": "Import",
        "moduleName": "FaceParserFramework"
      },
      {
        "kind": "Import",
        "name": "simd",
        "printedName": "simd",
        "declKind": "Import",
        "moduleName": "FaceParserFramework"
      },
      {
        "kind": "Var",
        "name": "metalDevice",
        "printedName": "metalDevice",
        "children": [
          {
            "kind": "TypeNominal",
            "name": "MetalDevice",
            "printedName": "FaceParserFramework.MetalDevice",
            "usr": "s:19FaceParserFramework11MetalDeviceC"
          }
        ],
        "declKind": "Var",
        "usr": "s:19FaceParserFramework11metalDeviceAA05MetalE0Cvp",
        "mangledName": "$s19FaceParserFramework11metalDeviceAA05MetalE0Cvp",
        "moduleName": "FaceParserFramework",
        "declAttributes": [
          "HasInitialValue",
          "HasStorage",
          "AccessControl"
        ],
        "isLet": true,
        "hasStorage": true,
        "accessors": [
          {
            "kind": "Accessor",
            "name": "Get",
            "printedName": "Get()",
            "children": [
              {
                "kind": "TypeNominal",
                "name": "MetalDevice",
                "printedName": "FaceParserFramework.MetalDevice",
                "usr": "s:19FaceParserFramework11MetalDeviceC"
              }
            ],
            "declKind": "Accessor",
            "usr": "s:19FaceParserFramework11metalDeviceAA05MetalE0Cvg",
            "mangledName": "$s19FaceParserFramework11metalDeviceAA05MetalE0Cvg",
            "moduleName": "FaceParserFramework",
            "implicit": true,
            "accessorKind": "get"
          }
        ]
      },
      {
        "kind": "TypeDecl",
        "name": "MetalDevice",
        "printedName": "MetalDevice",
        "children": [
          {
            "kind": "Var",
            "name": "device",
            "printedName": "device",
            "children": [
              {
                "kind": "TypeNominal",
                "name": "MTLDevice",
                "printedName": "Metal.MTLDevice",
                "usr": "c:objc(pl)MTLDevice"
              }
            ],
            "declKind": "Var",
            "usr": "s:19FaceParserFramework11MetalDeviceC6deviceSo9MTLDevice_pvp",
            "mangledName": "$s19FaceParserFramework11MetalDeviceC6deviceSo9MTLDevice_pvp",
            "moduleName": "FaceParserFramework",
            "declAttributes": [
              "Final",
              "HasStorage",
              "AccessControl"
            ],
            "isLet": true,
            "hasStorage": true,
            "accessors": [
              {
                "kind": "Accessor",
                "name": "Get",
                "printedName": "Get()",
                "children": [
                  {
                    "kind": "TypeNominal",
                    "name": "MTLDevice",
                    "printedName": "Metal.MTLDevice",
                    "usr": "c:objc(pl)MTLDevice"
                  }
                ],
                "declKind": "Accessor",
                "usr": "s:19FaceParserFramework11MetalDeviceC6deviceSo9MTLDevice_pvg",
                "mangledName": "$s19FaceParserFramework11MetalDeviceC6deviceSo9MTLDevice_pvg",
                "moduleName": "FaceParserFramework",
                "implicit": true,
                "declAttributes": [
                  "Final"
                ],
                "accessorKind": "get"
              }
            ]
          },
          {
            "kind": "Var",
            "name": "commandQueue",
            "printedName": "commandQueue",
            "children": [
              {
                "kind": "TypeNominal",
                "name": "MTLCommandQueue",
                "printedName": "Metal.MTLCommandQueue",
                "usr": "c:objc(pl)MTLCommandQueue"
              }
            ],
            "declKind": "Var",
            "usr": "s:19FaceParserFramework11MetalDeviceC12commandQueueSo010MTLCommandG0_pvp",
            "mangledName": "$s19FaceParserFramework11MetalDeviceC12commandQueueSo010MTLCommandG0_pvp",
            "moduleName": "FaceParserFramework",
            "declAttributes": [
              "Final",
              "HasStorage",
              "AccessControl"
            ],
            "isLet": true,
            "hasStorage": true,
            "accessors": [
              {
                "kind": "Accessor",
                "name": "Get",
                "printedName": "Get()",
                "children": [
                  {
                    "kind": "TypeNominal",
                    "name": "MTLCommandQueue",
                    "printedName": "Metal.MTLCommandQueue",
                    "usr": "c:objc(pl)MTLCommandQueue"
                  }
                ],
                "declKind": "Accessor",
                "usr": "s:19FaceParserFramework11MetalDeviceC12commandQueueSo010MTLCommandG0_pvg",
                "mangledName": "$s19FaceParserFramework11MetalDeviceC12commandQueueSo010MTLCommandG0_pvg",
                "moduleName": "FaceParserFramework",
                "implicit": true,
                "declAttributes": [
                  "Final"
                ],
                "accessorKind": "get"
              }
            ]
          }
        ],
        "declKind": "Class",
        "usr": "s:19FaceParserFramework11MetalDeviceC",
        "mangledName": "$s19FaceParserFramework11MetalDeviceC",
        "moduleName": "FaceParserFramework",
        "declAttributes": [
          "AccessControl"
        ],
        "hasMissingDesignatedInitializers": true
      },
      {
        "kind": "Import",
        "name": "MetalKit",
        "printedName": "MetalKit",
        "declKind": "Import",
        "moduleName": "FaceParserFramework",
        "declAttributes": [
          "RawDocComment"
        ]
      },
      {
        "kind": "Import",
        "name": "CoreML",
        "printedName": "CoreML",
        "declKind": "Import",
        "moduleName": "FaceParserFramework"
      },
      {
        "kind": "Import",
        "name": "MetalKit",
        "printedName": "MetalKit",
        "declKind": "Import",
        "moduleName": "FaceParserFramework",
        "declAttributes": [
          "RawDocComment"
        ]
      },
      {
        "kind": "Import",
        "name": "CoreML",
        "printedName": "CoreML",
        "declKind": "Import",
        "moduleName": "FaceParserFramework"
      },
      {
        "kind": "Var",
        "name": "VertexCoodinates",
        "printedName": "VertexCoodinates",
        "children": [
          {
            "kind": "TypeNominal",
            "name": "Array",
            "printedName": "[Swift.Float]",
            "children": [
              {
                "kind": "TypeNominal",
                "name": "Float",
                "printedName": "Swift.Float",
                "usr": "s:Sf"
              }
            ],
            "usr": "s:Sa"
          }
        ],
        "declKind": "Var",
        "usr": "s:19FaceParserFramework16VertexCoodinatesSaySfGvp",
        "mangledName": "$s19FaceParserFramework16VertexCoodinatesSaySfGvp",
        "moduleName": "FaceParserFramework",
        "declAttributes": [
          "HasInitialValue",
          "HasStorage",
          "AccessControl"
        ],
        "isLet": true,
        "hasStorage": true,
        "accessors": [
          {
            "kind": "Accessor",
            "name": "Get",
            "printedName": "Get()",
            "children": [
              {
                "kind": "TypeNominal",
                "name": "Array",
                "printedName": "[Swift.Float]",
                "children": [
                  {
                    "kind": "TypeNominal",
                    "name": "Float",
                    "printedName": "Swift.Float",
                    "usr": "s:Sf"
                  }
                ],
                "usr": "s:Sa"
              }
            ],
            "declKind": "Accessor",
            "usr": "s:19FaceParserFramework16VertexCoodinatesSaySfGvg",
            "mangledName": "$s19FaceParserFramework16VertexCoodinatesSaySfGvg",
            "moduleName": "FaceParserFramework",
            "implicit": true,
            "accessorKind": "get"
          }
        ]
      },
      {
        "kind": "Var",
        "name": "TextureCoordinates",
        "printedName": "TextureCoordinates",
        "children": [
          {
            "kind": "TypeNominal",
            "name": "Array",
            "printedName": "[Swift.Float]",
            "children": [
              {
                "kind": "TypeNominal",
                "name": "Float",
                "printedName": "Swift.Float",
                "usr": "s:Sf"
              }
            ],
            "usr": "s:Sa"
          }
        ],
        "declKind": "Var",
        "usr": "s:19FaceParserFramework18TextureCoordinatesSaySfGvp",
        "mangledName": "$s19FaceParserFramework18TextureCoordinatesSaySfGvp",
        "moduleName": "FaceParserFramework",
        "declAttributes": [
          "HasInitialValue",
          "HasStorage",
          "AccessControl"
        ],
        "isLet": true,
        "hasStorage": true,
        "accessors": [
          {
            "kind": "Accessor",
            "name": "Get",
            "printedName": "Get()",
            "children": [
              {
                "kind": "TypeNominal",
                "name": "Array",
                "printedName": "[Swift.Float]",
                "children": [
                  {
                    "kind": "TypeNominal",
                    "name": "Float",
                    "printedName": "Swift.Float",
                    "usr": "s:Sf"
                  }
                ],
                "usr": "s:Sa"
              }
            ],
            "declKind": "Accessor",
            "usr": "s:19FaceParserFramework18TextureCoordinatesSaySfGvg",
            "mangledName": "$s19FaceParserFramework18TextureCoordinatesSaySfGvg",
            "moduleName": "FaceParserFramework",
            "implicit": true,
            "accessorKind": "get"
          }
        ]
      },
      {
        "kind": "Import",
        "name": "CoreML",
        "printedName": "CoreML",
        "declKind": "Import",
        "moduleName": "FaceParserFramework",
        "declAttributes": [
          "RawDocComment"
        ]
      },
      {
        "kind": "TypeDecl",
        "name": "UIImage",
        "printedName": "UIImage",
        "children": [
          {
            "kind": "Constructor",
            "name": "init",
            "printedName": "init(pixelBuffer:)",
            "children": [
              {
                "kind": "TypeNominal",
                "name": "Optional",
                "printedName": "UIKit.UIImage?",
                "children": [
                  {
                    "kind": "TypeNominal",
                    "name": "UIImage",
                    "printedName": "UIKit.UIImage",
                    "usr": "c:objc(cs)UIImage"
                  }
                ],
                "usr": "s:Sq"
              },
              {
                "kind": "TypeNominal",
                "name": "CVBuffer",
                "printedName": "CoreVideo.CVBuffer",
                "usr": "c:@T@CVBufferRef"
              }
            ],
            "declKind": "Constructor",
            "usr": "s:So7UIImageC19FaceParserFrameworkE11pixelBufferABSgSo11CVBufferRefa_tcfc",
            "mangledName": "$sSo7UIImageC19FaceParserFrameworkE11pixelBufferABSgSo11CVBufferRefa_tcfc",
            "moduleName": "FaceParserFramework",
            "declAttributes": [
              "Convenience",
              "AccessControl"
            ],
            "isFromExtension": true,
            "init_kind": "Convenience"
          }
        ],
        "declKind": "Class",
        "usr": "c:objc(cs)UIImage",
        "moduleName": "UIKit",
        "isOpen": true,
        "intro_iOS": "2.0",
        "objc_name": "UIImage",
        "declAttributes": [
          "Available",
          "ObjC",
          "SynthesizedProtocol",
          "NonSendable",
          "Sendable",
          "Dynamic"
        ],
        "superclassUsr": "c:objc(cs)NSObject",
        "isExternal": true,
        "inheritsConvenienceInitializers": true,
        "superclassNames": [
          "ObjectiveC.NSObject"
        ],
        "conformances": [
          {
            "kind": "Conformance",
            "name": "Sendable",
            "printedName": "Sendable",
            "usr": "s:s8SendableP",
            "mangledName": "$ss8SendableP"
          },
          {
            "kind": "Conformance",
            "name": "Equatable",
            "printedName": "Equatable",
            "usr": "s:SQ",
            "mangledName": "$sSQ"
          },
          {
            "kind": "Conformance",
            "name": "Hashable",
            "printedName": "Hashable",
            "usr": "s:SH",
            "mangledName": "$sSH"
          },
          {
            "kind": "Conformance",
            "name": "CVarArg",
            "printedName": "CVarArg",
            "usr": "s:s7CVarArgP",
            "mangledName": "$ss7CVarArgP"
          },
          {
            "kind": "Conformance",
            "name": "_KeyValueCodingAndObservingPublishing",
            "printedName": "_KeyValueCodingAndObservingPublishing",
            "usr": "s:10Foundation37_KeyValueCodingAndObservingPublishingP",
            "mangledName": "$s10Foundation37_KeyValueCodingAndObservingPublishingP"
          },
          {
            "kind": "Conformance",
            "name": "_KeyValueCodingAndObserving",
            "printedName": "_KeyValueCodingAndObserving",
            "usr": "s:10Foundation27_KeyValueCodingAndObservingP",
            "mangledName": "$s10Foundation27_KeyValueCodingAndObservingP"
          },
          {
            "kind": "Conformance",
            "name": "CustomStringConvertible",
            "printedName": "CustomStringConvertible",
            "usr": "s:s23CustomStringConvertibleP",
            "mangledName": "$ss23CustomStringConvertibleP"
          },
          {
            "kind": "Conformance",
            "name": "CustomDebugStringConvertible",
            "printedName": "CustomDebugStringConvertible",
            "usr": "s:s28CustomDebugStringConvertibleP",
            "mangledName": "$ss28CustomDebugStringConvertibleP"
          },
          {
            "kind": "Conformance",
            "name": "_ExpressibleByImageLiteral",
            "printedName": "_ExpressibleByImageLiteral",
            "usr": "s:s26_ExpressibleByImageLiteralP",
            "mangledName": "$ss26_ExpressibleByImageLiteralP"
          }
        ]
      },
      {
        "kind": "TypeDecl",
        "name": "CIImage",
        "printedName": "CIImage",
        "children": [
          {
            "kind": "Function",
            "name": "pixelColor",
            "printedName": "pixelColor(x:y:)",
            "children": [
              {
                "kind": "TypeNominal",
                "name": "UIColor",
                "printedName": "UIKit.UIColor",
                "usr": "c:objc(cs)UIColor"
              },
              {
                "kind": "TypeNominal",
                "name": "Int",
                "printedName": "Swift.Int",
                "usr": "s:Si"
              },
              {
                "kind": "TypeNominal",
                "name": "Int",
                "printedName": "Swift.Int",
                "usr": "s:Si"
              }
            ],
            "declKind": "Func",
            "usr": "s:So7CIImageC19FaceParserFrameworkE10pixelColor1x1ySo7UIColorCSi_SitF",
            "mangledName": "$sSo7CIImageC19FaceParserFrameworkE10pixelColor1x1ySo7UIColorCSi_SitF",
            "moduleName": "FaceParserFramework",
            "isFromExtension": true,
            "funcSelfKind": "NonMutating"
          },
          {
            "kind": "Function",
            "name": "convertCIImageToCGImage",
            "printedName": "convertCIImageToCGImage()",
            "children": [
              {
                "kind": "TypeNominal",
                "name": "Optional",
                "printedName": "CoreGraphics.CGImage?",
                "children": [
                  {
                    "kind": "TypeNominal",
                    "name": "CGImage",
                    "printedName": "CoreGraphics.CGImage",
                    "usr": "c:@T@CGImageRef"
                  }
                ],
                "usr": "s:Sq"
              }
            ],
            "declKind": "Func",
            "usr": "s:So7CIImageC19FaceParserFrameworkE07convertA9ToCGImageSo0G3RefaSgyF",
            "mangledName": "$sSo7CIImageC19FaceParserFrameworkE07convertA9ToCGImageSo0G3RefaSgyF",
            "moduleName": "FaceParserFramework",
            "isFromExtension": true,
            "funcSelfKind": "NonMutating"
          },
          {
            "kind": "Function",
            "name": "sepiaTone",
            "printedName": "sepiaTone()",
            "children": [
              {
                "kind": "TypeNominal",
                "name": "Optional",
                "printedName": "CoreImage.CIImage?",
                "children": [
                  {
                    "kind": "TypeNominal",
                    "name": "CIImage",
                    "printedName": "CoreImage.CIImage",
                    "usr": "c:objc(cs)CIImage"
                  }
                ],
                "usr": "s:Sq"
              }
            ],
            "declKind": "Func",
            "usr": "s:So7CIImageC19FaceParserFrameworkE9sepiaToneABSgyF",
            "mangledName": "$sSo7CIImageC19FaceParserFrameworkE9sepiaToneABSgyF",
            "moduleName": "FaceParserFramework",
            "isFromExtension": true,
            "funcSelfKind": "NonMutating"
          },
          {
            "kind": "Function",
            "name": "gaussianBlur",
            "printedName": "gaussianBlur()",
            "children": [
              {
                "kind": "TypeNominal",
                "name": "Optional",
                "printedName": "CoreImage.CIImage?",
                "children": [
                  {
                    "kind": "TypeNominal",
                    "name": "CIImage",
                    "printedName": "CoreImage.CIImage",
                    "usr": "c:objc(cs)CIImage"
                  }
                ],
                "usr": "s:Sq"
              }
            ],
            "declKind": "Func",
            "usr": "s:So7CIImageC19FaceParserFrameworkE12gaussianBlurABSgyF",
            "mangledName": "$sSo7CIImageC19FaceParserFrameworkE12gaussianBlurABSgyF",
            "moduleName": "FaceParserFramework",
            "isFromExtension": true,
            "funcSelfKind": "NonMutating"
          },
          {
            "kind": "Function",
            "name": "kaleidoscope",
            "printedName": "kaleidoscope()",
            "children": [
              {
                "kind": "TypeNominal",
                "name": "Optional",
                "printedName": "CoreImage.CIImage?",
                "children": [
                  {
                    "kind": "TypeNominal",
                    "name": "CIImage",
                    "printedName": "CoreImage.CIImage",
                    "usr": "c:objc(cs)CIImage"
                  }
                ],
                "usr": "s:Sq"
              }
            ],
            "declKind": "Func",
            "usr": "s:So7CIImageC19FaceParserFrameworkE12kaleidoscopeABSgyF",
            "mangledName": "$sSo7CIImageC19FaceParserFrameworkE12kaleidoscopeABSgyF",
            "moduleName": "FaceParserFramework",
            "isFromExtension": true,
            "funcSelfKind": "NonMutating"
          }
        ],
        "declKind": "Class",
        "usr": "c:objc(cs)CIImage",
        "moduleName": "CoreImage",
        "isOpen": true,
        "intro_iOS": "5.0",
        "objc_name": "CIImage",
        "declAttributes": [
          "Available",
          "ObjC",
          "Dynamic"
        ],
        "superclassUsr": "c:objc(cs)NSObject",
        "isExternal": true,
        "inheritsConvenienceInitializers": true,
        "superclassNames": [
          "ObjectiveC.NSObject"
        ],
        "conformances": [
          {
            "kind": "Conformance",
            "name": "Equatable",
            "printedName": "Equatable",
            "usr": "s:SQ",
            "mangledName": "$sSQ"
          },
          {
            "kind": "Conformance",
            "name": "Hashable",
            "printedName": "Hashable",
            "usr": "s:SH",
            "mangledName": "$sSH"
          },
          {
            "kind": "Conformance",
            "name": "CVarArg",
            "printedName": "CVarArg",
            "usr": "s:s7CVarArgP",
            "mangledName": "$ss7CVarArgP"
          },
          {
            "kind": "Conformance",
            "name": "_KeyValueCodingAndObservingPublishing",
            "printedName": "_KeyValueCodingAndObservingPublishing",
            "usr": "s:10Foundation37_KeyValueCodingAndObservingPublishingP",
            "mangledName": "$s10Foundation37_KeyValueCodingAndObservingPublishingP"
          },
          {
            "kind": "Conformance",
            "name": "_KeyValueCodingAndObserving",
            "printedName": "_KeyValueCodingAndObserving",
            "usr": "s:10Foundation27_KeyValueCodingAndObservingP",
            "mangledName": "$s10Foundation27_KeyValueCodingAndObservingP"
          },
          {
            "kind": "Conformance",
            "name": "CustomStringConvertible",
            "printedName": "CustomStringConvertible",
            "usr": "s:s23CustomStringConvertibleP",
            "mangledName": "$ss23CustomStringConvertibleP"
          },
          {
            "kind": "Conformance",
            "name": "CustomDebugStringConvertible",
            "printedName": "CustomDebugStringConvertible",
            "usr": "s:s28CustomDebugStringConvertibleP",
            "mangledName": "$ss28CustomDebugStringConvertibleP"
          }
        ]
      }
    ],
    "json_format_version": 8
  },
  "ConstValues": [
    {
      "filePath": "\/Users\/laptop\/Projects\/Software\/iPhone\/TrackingAndVisualizingFaces\/ARKitFaceExample\/MachineLearning\/FaceAnalyser.swift",
      "kind": "StringLiteral",
      "offset": 5974,
      "length": 18,
      "value": "\"Loading model...\""
    },
    {
      "filePath": "\/Users\/laptop\/Projects\/Software\/iPhone\/TrackingAndVisualizingFaces\/ARKitFaceExample\/MachineLearning\/FaceAnalyser.swift",
      "kind": "StringLiteral",
      "offset": 6052,
      "length": 25,
      "value": "\"Loaded model...\""
    },
    {
      "filePath": "\/Users\/laptop\/Projects\/Software\/iPhone\/TrackingAndVisualizingFaces\/ARKitFaceExample\/MachineLearning\/FaceAnalyser.swift",
      "kind": "StringLiteral",
      "offset": 6076,
      "length": 2,
      "value": "\"\""
    },
    {
      "filePath": "\/Users\/laptop\/Projects\/Software\/iPhone\/TrackingAndVisualizingFaces\/ARKitFaceExample\/MachineLearning\/FaceAnalyser.swift",
      "kind": "FloatLiteral",
      "offset": 6148,
      "length": 5,
      "value": "512.0"
    },
    {
      "filePath": "\/Users\/laptop\/Projects\/Software\/iPhone\/TrackingAndVisualizingFaces\/ARKitFaceExample\/MachineLearning\/FaceAnalyser.swift",
      "kind": "IntegerLiteral",
      "offset": 6179,
      "length": 2,
      "value": "19"
    },
    {
      "filePath": "\/Users\/laptop\/Projects\/Software\/iPhone\/TrackingAndVisualizingFaces\/ARKitFaceExample\/MachineLearning\/FaceAnalyser.swift",
      "kind": "FloatLiteral",
      "offset": 6222,
      "length": 3,
      "value": "0.6"
    },
    {
      "filePath": "\/Users\/laptop\/Projects\/Software\/iPhone\/TrackingAndVisualizingFaces\/ARKitFaceExample\/MachineLearning\/FaceAnalyser.swift",
      "kind": "Array",
      "offset": 6266,
      "length": 20,
      "value": "[1.0, 0.5, 0.0, 1.0]"
    },
    {
      "filePath": "\/Users\/laptop\/Projects\/Software\/iPhone\/TrackingAndVisualizingFaces\/ARKitFaceExample\/MachineLearning\/FaceAnalyser.swift",
      "kind": "StringLiteral",
      "offset": 6376,
      "length": 22,
      "value": "\"vertex_render_target\""
    },
    {
      "filePath": "\/Users\/laptop\/Projects\/Software\/iPhone\/TrackingAndVisualizingFaces\/ARKitFaceExample\/MachineLearning\/FaceAnalyser.swift",
      "kind": "StringLiteral",
      "offset": 6417,
      "length": 22,
      "value": "\"faceColoringSegments\""
    },
    {
      "filePath": "\/Users\/laptop\/Projects\/Software\/iPhone\/TrackingAndVisualizingFaces\/ARKitFaceExample\/MachineLearning\/FaceAnalyser.swift",
      "kind": "StringLiteral",
      "offset": 6500,
      "length": 26,
      "value": "\"two_vertex_render_target\""
    },
    {
      "filePath": "\/Users\/laptop\/Projects\/Software\/iPhone\/TrackingAndVisualizingFaces\/ARKitFaceExample\/MachineLearning\/FaceAnalyser.swift",
      "kind": "StringLiteral",
      "offset": 6545,
      "length": 30,
      "value": "\"faceColoringTexturesFragment\""
    },
    {
      "filePath": "\/Users\/laptop\/Projects\/Software\/iPhone\/TrackingAndVisualizingFaces\/ARKitFaceExample\/MachineLearning\/FaceAnalyser.swift",
      "kind": "StringLiteral",
      "offset": 6643,
      "length": 22,
      "value": "\"vertex_render_target\""
    },
    {
      "filePath": "\/Users\/laptop\/Projects\/Software\/iPhone\/TrackingAndVisualizingFaces\/ARKitFaceExample\/MachineLearning\/FaceAnalyser.swift",
      "kind": "StringLiteral",
      "offset": 6684,
      "length": 23,
      "value": "\"featureSegmentsShader\""
    },
    {
      "filePath": "\/Users\/laptop\/Projects\/Software\/iPhone\/TrackingAndVisualizingFaces\/ARKitFaceExample\/MachineLearning\/FaceAnalyser.swift",
      "kind": "StringLiteral",
      "offset": 6771,
      "length": 26,
      "value": "\"two_vertex_render_target\""
    },
    {
      "filePath": "\/Users\/laptop\/Projects\/Software\/iPhone\/TrackingAndVisualizingFaces\/ARKitFaceExample\/MachineLearning\/FaceAnalyser.swift",
      "kind": "StringLiteral",
      "offset": 6816,
      "length": 24,
      "value": "\"featureColouringShader\""
    },
    {
      "filePath": "\/Users\/laptop\/Projects\/Software\/iPhone\/TrackingAndVisualizingFaces\/ARKitFaceExample\/MachineLearning\/FaceAnalyser.swift",
      "kind": "IntegerLiteral",
      "offset": 7049,
      "length": 1,
      "value": "1"
    },
    {
      "filePath": "\/Users\/laptop\/Projects\/Software\/iPhone\/TrackingAndVisualizingFaces\/ARKitFaceExample\/MachineLearning\/FaceAnalyser.swift",
      "kind": "IntegerLiteral",
      "offset": 7111,
      "length": 1,
      "value": "1"
    },
    {
      "filePath": "\/Users\/laptop\/Projects\/Software\/iPhone\/TrackingAndVisualizingFaces\/ARKitFaceExample\/MachineLearning\/FaceAnalyser.swift",
      "kind": "IntegerLiteral",
      "offset": 7179,
      "length": 1,
      "value": "1"
    },
    {
      "filePath": "\/Users\/laptop\/Projects\/Software\/iPhone\/TrackingAndVisualizingFaces\/ARKitFaceExample\/MachineLearning\/FaceAnalyser.swift",
      "kind": "FloatLiteral",
      "offset": 7264,
      "length": 3,
      "value": "2.0"
    },
    {
      "filePath": "\/Users\/laptop\/Projects\/Software\/iPhone\/TrackingAndVisualizingFaces\/ARKitFaceExample\/MachineLearning\/FaceAnalyser.swift",
      "kind": "FloatLiteral",
      "offset": 7354,
      "length": 3,
      "value": "2.0"
    },
    {
      "filePath": "\/Users\/laptop\/Projects\/Software\/iPhone\/TrackingAndVisualizingFaces\/ARKitFaceExample\/MachineLearning\/FaceAnalyser.swift",
      "kind": "StringLiteral",
      "offset": 7553,
      "length": 7,
      "value": "\"empty\""
    },
    {
      "filePath": "\/Users\/laptop\/Projects\/Software\/iPhone\/TrackingAndVisualizingFaces\/ARKitFaceExample\/MachineLearning\/FaceAnalyser.swift",
      "kind": "StringLiteral",
      "offset": 7611,
      "length": 10,
      "value": "\"voronoi2\""
    },
    {
      "filePath": "\/Users\/laptop\/Projects\/Software\/iPhone\/TrackingAndVisualizingFaces\/ARKitFaceExample\/MachineLearning\/FaceAnalyser.swift",
      "kind": "StringLiteral",
      "offset": 7669,
      "length": 13,
      "value": "\"baldinghead\""
    },
    {
      "filePath": "\/Users\/laptop\/Projects\/Software\/iPhone\/TrackingAndVisualizingFaces\/ARKitFaceExample\/MachineLearning\/FaceAnalyser.swift",
      "kind": "StringLiteral",
      "offset": 7726,
      "length": 14,
      "value": "\"samplePatchC\""
    },
    {
      "filePath": "\/Users\/laptop\/Projects\/Software\/iPhone\/TrackingAndVisualizingFaces\/ARKitFaceExample\/MachineLearning\/FaceAnalyser.swift",
      "kind": "FloatLiteral",
      "offset": 7894,
      "length": 6,
      "value": "1280.0"
    },
    {
      "filePath": "\/Users\/laptop\/Projects\/Software\/iPhone\/TrackingAndVisualizingFaces\/ARKitFaceExample\/MachineLearning\/FaceAnalyser.swift",
      "kind": "FloatLiteral",
      "offset": 7910,
      "length": 5,
      "value": "720.0"
    },
    {
      "filePath": "\/Users\/laptop\/Projects\/Software\/iPhone\/TrackingAndVisualizingFaces\/ARKitFaceExample\/MachineLearning\/FaceAnalyser.swift",
      "kind": "IntegerLiteral",
      "offset": 7990,
      "length": 1,
      "value": "0"
    },
    {
      "filePath": "\/Users\/laptop\/Projects\/Software\/iPhone\/TrackingAndVisualizingFaces\/ARKitFaceExample\/MachineLearning\/FaceAnalyser.swift",
      "kind": "FloatLiteral",
      "offset": 9174,
      "length": 3,
      "value": "1.0"
    },
    {
      "filePath": "\/Users\/laptop\/Projects\/Software\/iPhone\/TrackingAndVisualizingFaces\/ARKitFaceExample\/MachineLearning\/FaceAnalyser.swift",
      "kind": "Array",
      "offset": 9204,
      "length": 15,
      "value": "[1.0, 1.0, 1.0]"
    },
    {
      "filePath": "\/Users\/laptop\/Projects\/Software\/iPhone\/TrackingAndVisualizingFaces\/ARKitFaceExample\/MachineLearning\/FaceAnalyser.swift",
      "kind": "BooleanLiteral",
      "offset": 10645,
      "length": 4,
      "value": "true"
    },
    {
      "filePath": "\/Users\/laptop\/Projects\/Software\/iPhone\/TrackingAndVisualizingFaces\/ARKitFaceExample\/MachineLearning\/FaceAnalyser.swift",
      "kind": "FloatLiteral",
      "offset": 24849,
      "length": 3,
      "value": "2.0"
    },
    {
      "filePath": "\/Users\/laptop\/Projects\/Software\/iPhone\/TrackingAndVisualizingFaces\/ARKitFaceExample\/MachineLearning\/FaceAnalyser.swift",
      "kind": "FloatLiteral",
      "offset": 38945,
      "length": 5,
      "value": "128.0"
    },
    {
      "filePath": "\/Users\/laptop\/Projects\/Software\/iPhone\/TrackingAndVisualizingFaces\/ARKitFaceExample\/MachineLearning\/FaceAnalyser.swift",
      "kind": "FloatLiteral",
      "offset": 38983,
      "length": 5,
      "value": "512.0"
    },
    {
      "filePath": "\/Users\/laptop\/Projects\/Software\/iPhone\/TrackingAndVisualizingFaces\/ARKitFaceExample\/MachineLearning\/FaceAnalyser.swift",
      "kind": "FloatLiteral",
      "offset": 38990,
      "length": 5,
      "value": "512.0"
    },
    {
      "filePath": "\/Users\/laptop\/Projects\/Software\/iPhone\/TrackingAndVisualizingFaces\/ARKitFaceExample\/MachineLearning\/FaceAnalyser.swift",
      "kind": "FloatLiteral",
      "offset": 42471,
      "length": 5,
      "value": "256.0"
    },
    {
      "filePath": "\/Users\/laptop\/Projects\/Software\/iPhone\/TrackingAndVisualizingFaces\/ARKitFaceExample\/MachineLearning\/FaceAnalyser.swift",
      "kind": "FloatLiteral",
      "offset": 42481,
      "length": 5,
      "value": "256.0"
    },
    {
      "filePath": "\/Users\/laptop\/Projects\/Software\/iPhone\/TrackingAndVisualizingFaces\/ARKitFaceExample\/MachineLearning\/FaceAnalyser.swift",
      "kind": "FloatLiteral",
      "offset": 42546,
      "length": 3,
      "value": "0.0"
    },
    {
      "filePath": "\/Users\/laptop\/Projects\/Software\/iPhone\/TrackingAndVisualizingFaces\/ARKitFaceExample\/MachineLearning\/FaceAnalyser.swift",
      "kind": "FloatLiteral",
      "offset": 42617,
      "length": 3,
      "value": "0.0"
    },
    {
      "filePath": "\/Users\/laptop\/Projects\/Software\/iPhone\/TrackingAndVisualizingFaces\/ARKitFaceExample\/MachineLearning\/FaceAnalyser.swift",
      "kind": "FloatLiteral",
      "offset": 43239,
      "length": 5,
      "value": "312.0"
    },
    {
      "filePath": "\/Users\/laptop\/Projects\/Software\/iPhone\/TrackingAndVisualizingFaces\/ARKitFaceExample\/MachineLearning\/FaceAnalyser.swift",
      "kind": "FloatLiteral",
      "offset": 44624,
      "length": 4,
      "value": "10.0"
    },
    {
      "filePath": "\/Users\/laptop\/Projects\/Software\/iPhone\/TrackingAndVisualizingFaces\/ARKitFaceExample\/MachineLearning\/FaceAnalyser.swift",
      "kind": "FloatLiteral",
      "offset": 45268,
      "length": 5,
      "value": "512.0"
    },
    {
      "filePath": "\/Users\/laptop\/Projects\/Software\/iPhone\/TrackingAndVisualizingFaces\/ARKitFaceExample\/MachineLearning\/FaceAnalyser.swift",
      "kind": "IntegerLiteral",
      "offset": 55108,
      "length": 1,
      "value": "0"
    },
    {
      "filePath": "\/Users\/laptop\/Projects\/Software\/iPhone\/TrackingAndVisualizingFaces\/ARKitFaceExample\/MachineLearning\/FaceAnalyser.swift",
      "kind": "IntegerLiteral",
      "offset": 55131,
      "length": 2,
      "value": "17"
    },
    {
      "filePath": "\/Users\/laptop\/Projects\/Software\/iPhone\/TrackingAndVisualizingFaces\/ARKitFaceExample\/MachineLearning\/FaceAnalyser.swift",
      "kind": "IntegerLiteral",
      "offset": 55155,
      "length": 1,
      "value": "1"
    },
    {
      "filePath": "\/Users\/laptop\/Projects\/Software\/iPhone\/TrackingAndVisualizingFaces\/ARKitFaceExample\/MachineLearning\/FaceAnalyser.swift",
      "kind": "IntegerLiteral",
      "offset": 55181,
      "length": 1,
      "value": "7"
    },
    {
      "filePath": "\/Users\/laptop\/Projects\/Software\/iPhone\/TrackingAndVisualizingFaces\/ARKitFaceExample\/MachineLearning\/FaceAnalyser.swift",
      "kind": "IntegerLiteral",
      "offset": 55208,
      "length": 1,
      "value": "8"
    },
    {
      "filePath": "\/Users\/laptop\/Projects\/Software\/iPhone\/TrackingAndVisualizingFaces\/ARKitFaceExample\/MachineLearning\/FaceAnalyser.swift",
      "kind": "IntegerLiteral",
      "offset": 55234,
      "length": 1,
      "value": "9"
    },
    {
      "filePath": "\/Users\/laptop\/Projects\/Software\/iPhone\/TrackingAndVisualizingFaces\/ARKitFaceExample\/MachineLearning\/FaceAnalyser.swift",
      "kind": "IntegerLiteral",
      "offset": 55260,
      "length": 1,
      "value": "6"
    },
    {
      "filePath": "\/Users\/laptop\/Projects\/Software\/iPhone\/TrackingAndVisualizingFaces\/ARKitFaceExample\/MachineLearning\/FaceAnalyser.swift",
      "kind": "IntegerLiteral",
      "offset": 55283,
      "length": 2,
      "value": "10"
    },
    {
      "filePath": "\/Users\/laptop\/Projects\/Software\/iPhone\/TrackingAndVisualizingFaces\/ARKitFaceExample\/MachineLearning\/FaceAnalyser.swift",
      "kind": "IntegerLiteral",
      "offset": 55108,
      "length": 1,
      "value": "0"
    },
    {
      "filePath": "\/Users\/laptop\/Projects\/Software\/iPhone\/TrackingAndVisualizingFaces\/ARKitFaceExample\/MachineLearning\/FaceAnalyser.swift",
      "kind": "IntegerLiteral",
      "offset": 55131,
      "length": 2,
      "value": "17"
    },
    {
      "filePath": "\/Users\/laptop\/Projects\/Software\/iPhone\/TrackingAndVisualizingFaces\/ARKitFaceExample\/MachineLearning\/FaceAnalyser.swift",
      "kind": "IntegerLiteral",
      "offset": 55155,
      "length": 1,
      "value": "1"
    },
    {
      "filePath": "\/Users\/laptop\/Projects\/Software\/iPhone\/TrackingAndVisualizingFaces\/ARKitFaceExample\/MachineLearning\/FaceAnalyser.swift",
      "kind": "IntegerLiteral",
      "offset": 55181,
      "length": 1,
      "value": "7"
    },
    {
      "filePath": "\/Users\/laptop\/Projects\/Software\/iPhone\/TrackingAndVisualizingFaces\/ARKitFaceExample\/MachineLearning\/FaceAnalyser.swift",
      "kind": "IntegerLiteral",
      "offset": 55208,
      "length": 1,
      "value": "8"
    },
    {
      "filePath": "\/Users\/laptop\/Projects\/Software\/iPhone\/TrackingAndVisualizingFaces\/ARKitFaceExample\/MachineLearning\/FaceAnalyser.swift",
      "kind": "IntegerLiteral",
      "offset": 55234,
      "length": 1,
      "value": "9"
    },
    {
      "filePath": "\/Users\/laptop\/Projects\/Software\/iPhone\/TrackingAndVisualizingFaces\/ARKitFaceExample\/MachineLearning\/FaceAnalyser.swift",
      "kind": "IntegerLiteral",
      "offset": 55260,
      "length": 1,
      "value": "6"
    },
    {
      "filePath": "\/Users\/laptop\/Projects\/Software\/iPhone\/TrackingAndVisualizingFaces\/ARKitFaceExample\/MachineLearning\/FaceAnalyser.swift",
      "kind": "IntegerLiteral",
      "offset": 55283,
      "length": 2,
      "value": "10"
    },
    {
      "filePath": "\/Users\/laptop\/Projects\/Software\/iPhone\/TrackingAndVisualizingFaces\/ARKitFaceExample\/MachineLearning\/FaceAnalyser.swift",
      "kind": "IntegerLiteral",
      "offset": 55108,
      "length": 1,
      "value": "0"
    },
    {
      "filePath": "\/Users\/laptop\/Projects\/Software\/iPhone\/TrackingAndVisualizingFaces\/ARKitFaceExample\/MachineLearning\/FaceAnalyser.swift",
      "kind": "IntegerLiteral",
      "offset": 55131,
      "length": 2,
      "value": "17"
    },
    {
      "filePath": "\/Users\/laptop\/Projects\/Software\/iPhone\/TrackingAndVisualizingFaces\/ARKitFaceExample\/MachineLearning\/FaceAnalyser.swift",
      "kind": "IntegerLiteral",
      "offset": 55155,
      "length": 1,
      "value": "1"
    },
    {
      "filePath": "\/Users\/laptop\/Projects\/Software\/iPhone\/TrackingAndVisualizingFaces\/ARKitFaceExample\/MachineLearning\/FaceAnalyser.swift",
      "kind": "IntegerLiteral",
      "offset": 55181,
      "length": 1,
      "value": "7"
    },
    {
      "filePath": "\/Users\/laptop\/Projects\/Software\/iPhone\/TrackingAndVisualizingFaces\/ARKitFaceExample\/MachineLearning\/FaceAnalyser.swift",
      "kind": "IntegerLiteral",
      "offset": 55208,
      "length": 1,
      "value": "8"
    },
    {
      "filePath": "\/Users\/laptop\/Projects\/Software\/iPhone\/TrackingAndVisualizingFaces\/ARKitFaceExample\/MachineLearning\/FaceAnalyser.swift",
      "kind": "IntegerLiteral",
      "offset": 55234,
      "length": 1,
      "value": "9"
    },
    {
      "filePath": "\/Users\/laptop\/Projects\/Software\/iPhone\/TrackingAndVisualizingFaces\/ARKitFaceExample\/MachineLearning\/FaceAnalyser.swift",
      "kind": "IntegerLiteral",
      "offset": 55260,
      "length": 1,
      "value": "6"
    },
    {
      "filePath": "\/Users\/laptop\/Projects\/Software\/iPhone\/TrackingAndVisualizingFaces\/ARKitFaceExample\/MachineLearning\/FaceAnalyser.swift",
      "kind": "IntegerLiteral",
      "offset": 55283,
      "length": 2,
      "value": "10"
    },
    {
      "filePath": "\/Users\/laptop\/Projects\/Software\/iPhone\/TrackingAndVisualizingFaces\/ARKitFaceExample\/MachineLearning\/Extensions.swift",
      "kind": "IntegerLiteral",
      "offset": 8346,
      "length": 3,
      "value": "512"
    },
    {
      "filePath": "\/Users\/laptop\/Projects\/Software\/iPhone\/TrackingAndVisualizingFaces\/ARKitFaceExample\/MachineLearning\/Extensions.swift",
      "kind": "IntegerLiteral",
      "offset": 8369,
      "length": 3,
      "value": "512"
    },
    {
      "filePath": "\/Users\/laptop\/Projects\/Software\/iPhone\/TrackingAndVisualizingFaces\/ARKitFaceExample\/MachineLearning\/Utils.swift",
      "kind": "IntegerLiteral",
      "offset": 823,
      "length": 1,
      "value": "1"
    },
    {
      "filePath": "\/Users\/laptop\/Projects\/Software\/iPhone\/TrackingAndVisualizingFaces\/ARKitFaceExample\/MachineLearning\/Utils.swift",
      "kind": "IntegerLiteral",
      "offset": 1588,
      "length": 1,
      "value": "0"
    },
    {
      "filePath": "\/Users\/laptop\/Projects\/Software\/iPhone\/TrackingAndVisualizingFaces\/ARKitFaceExample\/MachineLearning\/Utils.swift",
      "kind": "IntegerLiteral",
      "offset": 1604,
      "length": 1,
      "value": "1"
    },
    {
      "filePath": "\/Users\/laptop\/Projects\/Software\/iPhone\/TrackingAndVisualizingFaces\/ARKitFaceExample\/MachineLearning\/SegmentationTextureGenerator.swift",
      "kind": "BooleanLiteral",
      "offset": 2134,
      "length": 4,
      "value": "true"
    },
    {
      "filePath": "\/Users\/laptop\/Projects\/Software\/iPhone\/TrackingAndVisualizingFaces\/ARKitFaceExample\/MachineLearning\/OverlayingTexturesGenerator.swift",
      "kind": "Array",
      "offset": 545,
      "length": 44,
      "value": "[1.0, 1.0, 1.0, 1.0, 1.0, 1.0, 1.0, 1.0]"
    },
    {
      "filePath": "\/Users\/laptop\/Projects\/Software\/iPhone\/TrackingAndVisualizingFaces\/ARKitFaceExample\/MachineLearning\/OverlayingTexturesGenerator.swift",
      "kind": "Array",
      "offset": 631,
      "length": 40,
      "value": "[0.0, 0.0, 1.0, 0.0, 0.0, 1.0, 1.0, 1.0]"
    },
    {
      "filePath": "\/Users\/laptop\/Projects\/Software\/iPhone\/TrackingAndVisualizingFaces\/ARKitFaceExample\/MachineLearning\/OverlayingTexturesGenerator.swift",
      "kind": "FloatLiteral",
      "offset": 1099,
      "length": 3,
      "value": "0.6"
    },
    {
      "filePath": "\/Users\/laptop\/Projects\/Software\/iPhone\/TrackingAndVisualizingFaces\/ARKitFaceExample\/MachineLearning\/OverlayingTexturesGenerator.swift",
      "kind": "Array",
      "offset": 1143,
      "length": 15,
      "value": "[1.0, 0.0, 0.0]"
    },
    {
      "filePath": "\/Users\/laptop\/Projects\/Software\/iPhone\/TrackingAndVisualizingFaces\/ARKitFaceExample\/MachineLearning\/OverlayingTexturesGenerator.swift",
      "kind": "BooleanLiteral",
      "offset": 2618,
      "length": 4,
      "value": "true"
    }
  ]
}