[
  {
    "metadataOutputVersion" : "3.0",
    "storagePrecision" : "Float32",
    "outputSchema" : [
      {
        "hasShapeFlexibility" : "0",
        "isOptional" : "0",
        "dataType" : "Int32",
        "formattedType" : "MultiArray (Int32)",
        "shortDescription" : "",
        "shape" : "[]",
        "name" : "455",
        "type" : "MultiArray"
      }
    ],
    "modelParameters" : [

    ],
    "specificationVersion" : 5,
    "computePrecision" : "Float16",
    "isUpdatable" : "0",
    "availability" : {
      "macOS" : "11.0",
      "tvOS" : "14.0",
      "watchOS" : "7.0",
      "iOS" : "14.0",
      "macCatalyst" : "14.0"
    },
    "neuralNetworkLayerTypeHistogram" : {
      "Concat" : 1,
      "ArgMax" : 1,
      "Convolution" : 32,
      "ActivationSigmoid" : 3,
      "UpsampleBiLinear" : 1,
      "UpsampleNearestNeighbor" : 3,
      "PoolingMax" : 1,
      "Squeeze" : 1,
      "Add" : 11,
      "BatchNorm" : 29,
      "Multiply" : 3,
      "ActivationReLU" : 25,
      "PoolingAverage" : 4
    },
    "modelType" : {
      "name" : "MLModelType_neuralNetwork"
    },
    "userDefinedMetadata" : {
      "com.apple.coreml.model.preview.params" : "{\"labels\": [\"background\", \"skin\", \"l_brow\", \"r_brow\", \"l_eye\", \"r_eye\", \"eye_g\", \"l_ear\", \"r_ear\", \"ear_r\", \"nose\", \"mouth\", \"u_lip\", \"l_lip\", \"neck\", \"neck_l\", \"cloth\", \"hair\", \"hat\"]}",
      "com.apple.coreml.model.preview.type" : "imageSegmenter",
      "com.github.apple.coremltools.version" : "4.1",
      "com.github.apple.coremltools.source" : "torch==1.8.0"
    },
    "generatedClassName" : "FaceParsing",
    "inputSchema" : [
      {
        "height" : "512",
        "colorspace" : "BGR",
        "isOptional" : "0",
        "width" : "512",
        "isColor" : "1",
        "formattedType" : "Image (Color 512 × 512)",
        "hasSizeFlexibility" : "0",
        "type" : "Image",
        "shortDescription" : "",
        "name" : "input"
      }
    ],
    "method" : "predict"
  }
]